-- Add custom aura to enable Seal & Imbue twisting.
DELETE FROM `spell_mod` WHERE `Id`=33006;
INSERT INTO `spell_mod` (`Id`, `procChance`, `procFlags`, `procCharges`, `DurationIndex`, `Category`, `CastingTimeIndex`, `StackAmount`, `SpellIconID`, `activeIconID`, `manaCost`, `Attributes`, `AttributesEx`, `AttributesEx2`, `AttributesEx3`, `AttributesEx4`, `Custom`, `InterruptFlags`, `AuraInterruptFlags`, `ChannelInterruptFlags`, `Dispel`, `Stances`, `StancesNot`, `SpellVisual`, `ManaCostPercentage`, `StartRecoveryCategory`, `StartRecoveryTime`, `MaxAffectedTargets`, `MaxTargetLevel`, `DmgClass`, `rangeIndex`, `RecoveryTime`, `CategoryRecoveryTime`, `SpellFamilyName`, `SpellFamilyFlags`, `Mechanic`, `EquippedItemClass`, `Comment`) VALUES (33006, 100, 4, 1, 36, 0, 1, 0, 0, 0, 0, 328064, 1024, 0, 0, 0, 4, 0, 0, 0, 0, 0, 0, 0, 0, 0, 0, 0, 0, 1, 1, 0, 0, 10, 0, 0, -1, 'Seal of Command: Seal Twisting Helper');

DELETE FROM `spell_effect_mod` WHERE `Id`=33006;
INSERT INTO `spell_effect_mod` (`Id`, `EffectIndex`, `Effect`, `EffectDieSides`, `EffectBaseDice`, `EffectDicePerLevel`, `EffectRealPointsPerLevel`, `EffectBasePoints`, `EffectAmplitude`, `EffectPointsPerComboPoint`, `EffectChainTarget`, `EffectMultipleValue`, `EffectMechanic`, `EffectImplicitTargetA`, `EffectImplicitTargetB`, `EffectRadiusIndex`, `EffectApplyAuraName`, `EffectItemType`, `EffectMiscValue`, `EffectTriggerSpell`, `Comment`) VALUES (33006, 0, 6, 1, 1, 0, 0, -1, 0, 0, 0, 0, 0, 1, 0, 0, 42, 0, 0, 20424, 'Seal of Command: Seal Twisting Helper');

DELETE FROM `spell_proc_event` WHERE `entry`=33006;
INSERT INTO `spell_proc_event` (`entry`, `SchoolMask`, `SpellFamilyName`, `SpellFamilyMask0`, `SpellFamilyMask1`, `SpellFamilyMask2`, `procFlags`, `procEx`, `ppmRate`, `CustomChance`, `Cooldown`, `build_min`, `build_max`) VALUES (33006, 0, 0, 0, 0, 0, 0, 0, 7, 0, 1000, 0, 5875);

DELETE FROM `spell_mod` WHERE `Id` IN (33031, 33032, 33033, 33034);
INSERT INTO `spell_mod` (`Id`, `procChance`, `procFlags`, `procCharges`, `DurationIndex`, `Category`, `CastingTimeIndex`, `StackAmount`, `SpellIconID`, `activeIconID`, `manaCost`, `Attributes`, `AttributesEx`, `AttributesEx2`, `AttributesEx3`, `AttributesEx4`, `Custom`, `InterruptFlags`, `AuraInterruptFlags`, `ChannelInterruptFlags`, `Dispel`, `Stances`, `StancesNot`, `SpellVisual`, `ManaCostPercentage`, `StartRecoveryCategory`, `StartRecoveryTime`, `MaxAffectedTargets`, `MaxTargetLevel`, `DmgClass`, `rangeIndex`, `RecoveryTime`, `CategoryRecoveryTime`, `SpellFamilyName`, `SpellFamilyFlags`, `Mechanic`, `EquippedItemClass`, `Comment`) VALUES (33031, 100, 4, 1, 327, 0, 1, 0, 0, 0, 0, 328064, 1024, 0, 0, 0, 4, 0, 0, 0, 0, 0, 0, 0, 0, 0, 0, 0, 0, 1, 1, 0, 0, 11, 0, 0, -1, 'Imbue Twisting Helper'), (33032, 100, 4, 1, 327, 0, 1, 0, 0, 0, 0, 328064, 1024, 0, 0, 0, 4, 0, 0, 0, 0, 0, 0, 0, 0, 0, 0, 0, 0, 1, 1, 0, 0, 11, 0, 0, -1, 'Imbue Twisting Helper'), (33033, 100, 4, 1, 327, 0, 1, 0, 0, 0, 0, 328064, 1024, 0, 0, 0, 4, 0, 0, 0, 0, 0, 0, 0, 0, 0, 0, 0, 0, 1, 1, 0, 0, 11, 0, 0, -1, 'Imbue Twisting Helper'), (33034, 100, 4, 1, 327, 0, 1, 0, 0, 0, 0, 328064, 1024, 0, 0, 0, 4, 0, 0, 0, 0, 0, 0, 0, 0, 0, 0, 0, 0, 1, 1, 0, 0, 11, 0, 0, -1, 'Imbue Twisting Helper');

DELETE FROM `spell_effect_mod` WHERE `Id` IN (33031, 33032, 33033, 33034);
INSERT INTO `spell_effect_mod` (`Id`, `EffectIndex`, `Effect`, `EffectDieSides`, `EffectBaseDice`, `EffectDicePerLevel`, `EffectRealPointsPerLevel`, `EffectBasePoints`, `EffectAmplitude`, `EffectPointsPerComboPoint`, `EffectChainTarget`, `EffectMultipleValue`, `EffectMechanic`, `EffectImplicitTargetA`, `EffectImplicitTargetB`, `EffectRadiusIndex`, `EffectApplyAuraName`, `EffectItemType`, `EffectMiscValue`, `EffectTriggerSpell`, `Comment`) VALUES (33031, 0, 6, 1, 1, 0, 0, -1, 0, 0, 0, 0, 0, 1, 0, 0, 42, 0, 0, 8233, 'Imbue Twisting Helper'), (33032, 0, 6, 1, 1, 0, 0, -1, 0, 0, 0, 0, 0, 1, 0, 0, 42, 0, 0, 8236, 'Imbue Twisting Helper'), (33033, 0, 6, 1, 1, 0, 0, -1, 0, 0, 0, 0, 0, 1, 0, 0, 42, 0, 0, 10484, 'Imbue Twisting Helper'), (33034, 0, 6, 1, 1, 0, 0, -1, 0, 0, 0, 0, 0, 1, 0, 0, 42, 0, 0, 16361, 'Imbue Twisting Helper');

DELETE FROM `spell_proc_event` WHERE `entry` IN (33031, 33032, 33033, 33034);
INSERT INTO `spell_proc_event` (`entry`, `SchoolMask`, `SpellFamilyName`, `SpellFamilyMask0`, `SpellFamilyMask1`, `SpellFamilyMask2`, `procFlags`, `procEx`, `ppmRate`, `CustomChance`, `Cooldown`, `build_min`, `build_max`) VALUES (33031, 0, 0, 0, 0, 0, 0, 0, 0, 20, 1000, 0, 5875), (33032, 0, 0, 0, 0, 0, 0, 0, 0, 20, 1000, 0, 5875), (33033, 0, 0, 0, 0, 0, 0, 0, 0, 20, 1000, 0, 5875), (33034, 0, 0, 0, 0, 0, 0, 0, 0, 20, 1000, 0, 5875);